{
  "threshold": 0.9806067807015026,
  "avg_precision": 0.9774733165108653,
  "accuracy": 0.9867125488986641,
  "precision": 0.9028204004091772,
  "recall": 0.9451902849493211,
  "f1": 0.9235196292766784,
  "pos_rate_valid": 0.0848767185547097,
  "pred_pos_rate": 0.08886003213920496,
  "TN": 279230,
  "FP": 2660,
  "FN": 1433,
  "TP": 24712
}