{
  "threshold": 0.9694307596235276,
  "avg_precision": 0.9908937069989069,
  "accuracy": 0.9951401626438554,
  "precision": 0.9753529275630641,
  "recall": 0.9671830177854275,
  "f1": 0.97125079218759,
  "pos_rate_valid": 0.0848767185547097,
  "pred_pos_rate": 0.0841657603843719,
  "TN": 281251,
  "FP": 639,
  "FN": 858,
  "TP": 25287
}